dataset_source,cell_id,path,meta
everlasting,everlasting_CalendarAgeing_T25_SOC10_Vito_Cell92_AllData,data/everlasting/CalendarAgeing_T25_SOC10_Vito_Cell92_AllData.csv,{}
everlasting,everlasting_CalendarAgeing_T25_SOC10_Vito_Cell93_AllData,data/everlasting/CalendarAgeing_T25_SOC10_Vito_Cell93_AllData.csv,{}
evtol,evtol_VAH25,data/eVTOL/VAH25.csv,{}
evtol,evtol_VAH24,data/eVTOL/VAH24.csv,{}
evtol,evtol_VAH30,data/eVTOL/VAH30.csv,{}
evtol,evtol_VAH26,data/eVTOL/VAH26.csv,{}
evtol,evtol_VAH27,data/eVTOL/VAH27.csv,{}
evtol,evtol_VAH23,data/eVTOL/VAH23.csv,{}
evtol,evtol_VAH22,data/eVTOL/VAH22.csv,{}
evtol,evtol_VAH20,data/eVTOL/VAH20.csv,{}
evtol,evtol_VAH09,data/eVTOL/VAH09.csv,{}
evtol,evtol_VAH10,data/eVTOL/VAH10.csv,{}
evtol,evtol_VAH05,data/eVTOL/VAH05.csv,{}
evtol,evtol_VAH11,data/eVTOL/VAH11.csv,{}
evtol,evtol_VAH07,data/eVTOL/VAH07.csv,{}
evtol,evtol_VAH13,data/eVTOL/VAH13.csv,{}
evtol,evtol_VAH12,data/eVTOL/VAH12.csv,{}
evtol,evtol_VAH06,data/eVTOL/VAH06.csv,{}
evtol,evtol_VAH02,data/eVTOL/VAH02.csv,{}
evtol,evtol_VAH16,data/eVTOL/VAH16.csv,{}
evtol,evtol_VAH17,data/eVTOL/VAH17.csv,{}
evtol,evtol_VAH15,data/eVTOL/VAH15.csv,{}
evtol,evtol_VAH01,data/eVTOL/VAH01.csv,{}
evtol,evtol_VAH28,data/eVTOL/VAH28.csv,{}
forklift,forklift_RPT,data/Forklift/Cell1/Round42/RPT.csv,{}
forklift,forklift_Ageing,data/Forklift/Cell1/Round42/Ageing.csv,{}
forklift,forklift_RPT,data/Forklift/Cell1/Round45/RPT.csv,{}
forklift,forklift_Ageing,data/Forklift/Cell1/Round45/Ageing.csv,{}
forklift,forklift_RPT,data/Forklift/Cell1/Round20/RPT.csv,{}
forklift,forklift_Ageing,data/Forklift/Cell1/Round20/Ageing.csv,{}
forklift,forklift_RPT,data/Forklift/Cell1/Round18/RPT.csv,{}
forklift,forklift_Ageing,data/Forklift/Cell1/Round18/Ageing.csv,{}
forklift,forklift_RPT,data/Forklift/Cell1/Round27/RPT.csv,{}
forklift,forklift_Ageing,data/Forklift/Cell1/Round27/Ageing.csv,{}
forklift,forklift_RPT,data/Forklift/Cell1/Round11/RPT.csv,{}
forklift,forklift_Ageing,data/Forklift/Cell1/Round11/Ageing.csv,{}
forklift,forklift_RPT,data/Forklift/Cell1/Round16/RPT.csv,{}
forklift,forklift_Ageing,data/Forklift/Cell1/Round16/Ageing.csv,{}
forklift,forklift_RPT,data/Forklift/Cell1/Round44/RPT.csv,{}
forklift,forklift_Ageing,data/Forklift/Cell1/Round44/Ageing.csv,{}
forklift,forklift_RPT,data/Forklift/Cell1/Round43/RPT.csv,{}
forklift,forklift_Ageing,data/Forklift/Cell1/Round43/Ageing.csv,{}
forklift,forklift_Ageing,data/Forklift/Cell1/Round28/Ageing.csv,{}
forklift,forklift_RPT,data/Forklift/Cell1/Round17/RPT.csv,{}
forklift,forklift_Ageing,data/Forklift/Cell1/Round17/Ageing.csv,{}
forklift,forklift_RPT,data/Forklift/Cell1/Round10/RPT.csv,{}
forklift,forklift_Ageing,data/Forklift/Cell1/Round10/Ageing.csv,{}
forklift,forklift_RPT,data/Forklift/Cell1/Round19/RPT.csv,{}
forklift,forklift_Ageing,data/Forklift/Cell1/Round19/Ageing.csv,{}
forklift,forklift_RPT,data/Forklift/Cell1/Round26/RPT.csv,{}
forklift,forklift_Ageing,data/Forklift/Cell1/Round26/Ageing.csv,{}
forklift,forklift_RPT,data/Forklift/Cell1/Round21/RPT.csv,{}
forklift,forklift_Ageing,data/Forklift/Cell1/Round21/Ageing.csv,{}
forklift,forklift_RPT,data/Forklift/Cell1/Round03/RPT.csv,{}
forklift,forklift_Ageing,data/Forklift/Cell1/Round03/Ageing.csv,{}
forklift,forklift_RPT,data/Forklift/Cell1/Round04/RPT.csv,{}
forklift,forklift_Ageing,data/Forklift/Cell1/Round04/Ageing.csv,{}
forklift,forklift_RPT,data/Forklift/Cell1/Round32/RPT.csv,{}
forklift,forklift_Ageing,data/Forklift/Cell1/Round32/Ageing.csv,{}
forklift,forklift_RPT,data/Forklift/Cell1/Round35/RPT.csv,{}
forklift,forklift_Ageing,data/Forklift/Cell1/Round35/Ageing.csv,{}
forklift,forklift_RPT,data/Forklift/Cell1/Round50/RPT.csv,{}
forklift,forklift_Ageing,data/Forklift/Cell1/Round50/Ageing.csv,{}
forklift,forklift_RPT,data/Forklift/Cell1/Round57/RPT.csv,{}
forklift,forklift_Ageing,data/Forklift/Cell1/Round57/Ageing.csv,{}
forklift,forklift_RPT,data/Forklift/Cell1/Round34/RPT.csv,{}
forklift,forklift_Ageing,data/Forklift/Cell1/Round34/Ageing.csv,{}
forklift,forklift_RPT,data/Forklift/Cell1/Round33/RPT.csv,{}
forklift,forklift_Ageing,data/Forklift/Cell1/Round33/Ageing.csv,{}
forklift,forklift_RPT,data/Forklift/Cell1/Round05/RPT.csv,{}
forklift,forklift_Ageing,data/Forklift/Cell1/Round05/Ageing.csv,{}
forklift,forklift_RPT,data/Forklift/Cell1/Round02/RPT.csv,{}
forklift,forklift_Ageing,data/Forklift/Cell1/Round02/Ageing.csv,{}
forklift,forklift_RPT,data/Forklift/Cell1/Round56/RPT.csv,{}
forklift,forklift_Ageing,data/Forklift/Cell1/Round51/Ageing.csv,{}
forklift,forklift_RPT,data/Forklift/Cell1/Round58/RPT.csv,{}
forklift,forklift_Ageing,data/Forklift/Cell1/Round58/Ageing.csv,{}
forklift,forklift_RPT,data/Forklift/Cell1/Round24/RPT.csv,{}
forklift,forklift_Ageing,data/Forklift/Cell1/Round24/Ageing.csv,{}
forklift,forklift_RPT,data/Forklift/Cell1/Round23/RPT.csv,{}
forklift,forklift_Ageing,data/Forklift/Cell1/Round23/Ageing.csv,{}
forklift,forklift_RPT,data/Forklift/Cell1/Round15/RPT.csv,{}
forklift,forklift_Ageing,data/Forklift/Cell1/Round15/Ageing.csv,{}
forklift,forklift_RPT,data/Forklift/Cell1/Round12/RPT.csv,{}
forklift,forklift_Ageing,data/Forklift/Cell1/Round12/Ageing.csv,{}
forklift,forklift_RPT,data/Forklift/Cell1/Round46/RPT.csv,{}
forklift,forklift_Ageing,data/Forklift/Cell1/Round46/Ageing.csv,{}
forklift,forklift_RPT,data/Forklift/Cell1/Round41/RPT.csv,{}
forklift,forklift_Ageing,data/Forklift/Cell1/Round41/Ageing.csv,{}
forklift,forklift_RPT,data/Forklift/Cell1/Round48/RPT.csv,{}
forklift,forklift_Ageing,data/Forklift/Cell1/Round48/Ageing.csv,{}
forklift,forklift_RPT,data/Forklift/Cell1/Round13/RPT.csv,{}
forklift,forklift_Ageing,data/Forklift/Cell1/Round13/Ageing.csv,{}
forklift,forklift_RPT,data/Forklift/Cell1/Round14/RPT.csv,{}
forklift,forklift_Ageing,data/Forklift/Cell1/Round14/Ageing.csv,{}
forklift,forklift_RPT,data/Forklift/Cell1/Round22/RPT.csv,{}
forklift,forklift_Ageing,data/Forklift/Cell1/Round22/Ageing.csv,{}
forklift,forklift_RPT,data/Forklift/Cell1/Round25/RPT.csv,{}
forklift,forklift_Ageing,data/Forklift/Cell1/Round25/Ageing.csv,{}
forklift,forklift_RPT,data/Forklift/Cell1/Round49/RPT.csv,{}
forklift,forklift_Ageing,data/Forklift/Cell1/Round49/Ageing.csv,{}
forklift,forklift_RPT,data/Forklift/Cell1/Round40/RPT.csv,{}
forklift,forklift_Ageing,data/Forklift/Cell1/Round40/Ageing.csv,{}
forklift,forklift_RPT,data/Forklift/Cell1/Round47/RPT.csv,{}
forklift,forklift_Ageing,data/Forklift/Cell1/Round47/Ageing.csv,{}
forklift,forklift_RPT,data/Forklift/Cell1/Round54/RPT.csv,{}
forklift,forklift_Ageing,data/Forklift/Cell1/Round54/Ageing.csv,{}
forklift,forklift_RPT,data/Forklift/Cell1/Round53/RPT.csv,{}
forklift,forklift_Ageing,data/Forklift/Cell1/Round53/Ageing.csv,{}
forklift,forklift_RPT,data/Forklift/Cell1/Round07/RPT.csv,{}
forklift,forklift_Ageing,data/Forklift/Cell1/Round07/Ageing.csv,{}
forklift,forklift_RPT,data/Forklift/Cell1/Round38/RPT.csv,{}
forklift,forklift_Ageing,data/Forklift/Cell1/Round38/Ageing.csv,{}
forklift,forklift_RPT,data/Forklift/Cell1/Round00/RPT.csv,{}
forklift,forklift_RPT,data/Forklift/Cell1/Round36/RPT.csv,{}
forklift,forklift_Ageing,data/Forklift/Cell1/Round36/Ageing.csv,{}
forklift,forklift_RPT,data/Forklift/Cell1/Round09/RPT.csv,{}
forklift,forklift_Ageing,data/Forklift/Cell1/Round09/Ageing.csv,{}
forklift,forklift_RPT,data/Forklift/Cell1/Round31/RPT.csv,{}
forklift,forklift_Ageing,data/Forklift/Cell1/Round31/Ageing.csv,{}
forklift,forklift_RPT,data/Forklift/Cell1/Round52/RPT.csv,{}
forklift,forklift_Ageing,data/Forklift/Cell1/Round52/Ageing.csv,{}
forklift,forklift_RPT,data/Forklift/Cell1/Round55/RPT.csv,{}
forklift,forklift_Ageing,data/Forklift/Cell1/Round55/Ageing.csv,{}
forklift,forklift_RPT,data/Forklift/Cell1/Round30/RPT.csv,{}
forklift,forklift_Ageing,data/Forklift/Cell1/Round30/Ageing.csv,{}
forklift,forklift_Ageing,data/Forklift/Cell1/Round37/Ageing.csv,{}
forklift,forklift_RPT,data/Forklift/Cell1/Round08/RPT.csv,{}
forklift,forklift_Ageing,data/Forklift/Cell1/Round08/Ageing.csv,{}
forklift,forklift_RPT,data/Forklift/Cell1/Round01/RPT.csv,{}
forklift,forklift_Ageing,data/Forklift/Cell1/Round01/Ageing.csv,{}
forklift,forklift_RPT,data/Forklift/Cell1/Round06/RPT.csv,{}
forklift,forklift_Ageing,data/Forklift/Cell1/Round06/Ageing.csv,{}
forklift,forklift_RPT,data/Forklift/Cell1/Round39/RPT.csv,{}
forklift,forklift_Ageing,data/Forklift/Cell1/Round39/Ageing.csv,{}
forklift,forklift_RPT,data/Forklift/Cell3/Round42/RPT.csv,{}
forklift,forklift_Ageing,data/Forklift/Cell3/Round42/Ageing.csv,{}
forklift,forklift_RPT,data/Forklift/Cell3/Round45/RPT.csv,{}
forklift,forklift_Ageing,data/Forklift/Cell3/Round45/Ageing.csv,{}
forklift,forklift_RPT,data/Forklift/Cell3/Round20/RPT.csv,{}
forklift,forklift_Ageing,data/Forklift/Cell3/Round20/Ageing.csv,{}
forklift,forklift_RPT,data/Forklift/Cell3/Round18/RPT.csv,{}
forklift,forklift_Ageing,data/Forklift/Cell3/Round18/Ageing.csv,{}
forklift,forklift_RPT,data/Forklift/Cell3/Round27/RPT.csv,{}
forklift,forklift_Ageing,data/Forklift/Cell3/Round27/Ageing.csv,{}
forklift,forklift_RPT,data/Forklift/Cell3/Round11/RPT.csv,{}
forklift,forklift_Ageing,data/Forklift/Cell3/Round11/Ageing.csv,{}
forklift,forklift_RPT,data/Forklift/Cell3/Round16/RPT.csv,{}
forklift,forklift_Ageing,data/Forklift/Cell3/Round16/Ageing.csv,{}
forklift,forklift_RPT,data/Forklift/Cell3/Round44/RPT.csv,{}
forklift,forklift_Ageing,data/Forklift/Cell3/Round44/Ageing.csv,{}
forklift,forklift_RPT,data/Forklift/Cell3/Round43/RPT.csv,{}
forklift,forklift_Ageing,data/Forklift/Cell3/Round43/Ageing.csv,{}
forklift,forklift_RPT,data/Forklift/Cell3/Round17/RPT.csv,{}
forklift,forklift_Ageing,data/Forklift/Cell3/Round17/Ageing.csv,{}
forklift,forklift_RPT,data/Forklift/Cell3/Round10/RPT.csv,{}
forklift,forklift_Ageing,data/Forklift/Cell3/Round10/Ageing.csv,{}
forklift,forklift_RPT,data/Forklift/Cell3/Round19/RPT.csv,{}
forklift,forklift_Ageing,data/Forklift/Cell3/Round19/Ageing.csv,{}
forklift,forklift_RPT,data/Forklift/Cell3/Round26/RPT.csv,{}
forklift,forklift_Ageing,data/Forklift/Cell3/Round26/Ageing.csv,{}
forklift,forklift_RPT,data/Forklift/Cell3/Round21/RPT.csv,{}
forklift,forklift_Ageing,data/Forklift/Cell3/Round21/Ageing.csv,{}
forklift,forklift_RPT,data/Forklift/Cell3/Round03/RPT.csv,{}
forklift,forklift_Ageing,data/Forklift/Cell3/Round03/Ageing.csv,{}
forklift,forklift_RPT,data/Forklift/Cell3/Round04/RPT.csv,{}
forklift,forklift_Ageing,data/Forklift/Cell3/Round04/Ageing.csv,{}
forklift,forklift_RPT,data/Forklift/Cell3/Round32/RPT.csv,{}
forklift,forklift_Ageing,data/Forklift/Cell3/Round32/Ageing.csv,{}
forklift,forklift_RPT,data/Forklift/Cell3/Round35/RPT.csv,{}
forklift,forklift_Ageing,data/Forklift/Cell3/Round35/Ageing.csv,{}
forklift,forklift_RPT,data/Forklift/Cell3/Round50/RPT.csv,{}
forklift,forklift_Ageing,data/Forklift/Cell3/Round50/Ageing.csv,{}
forklift,forklift_RPT,data/Forklift/Cell3/Round34/RPT.csv,{}
forklift,forklift_Ageing,data/Forklift/Cell3/Round33/Ageing.csv,{}
forklift,forklift_RPT,data/Forklift/Cell3/Round05/RPT.csv,{}
forklift,forklift_Ageing,data/Forklift/Cell3/Round05/Ageing.csv,{}
forklift,forklift_RPT,data/Forklift/Cell3/Round02/RPT.csv,{}
forklift,forklift_Ageing,data/Forklift/Cell3/Round02/Ageing.csv,{}
forklift,forklift_RPT,data/Forklift/Cell3/Round51/RPT.csv,{}
forklift,forklift_Ageing,data/Forklift/Cell3/Round51/Ageing.csv,{}
forklift,forklift_RPT,data/Forklift/Cell3/Round24/RPT.csv,{}
forklift,forklift_Ageing,data/Forklift/Cell3/Round24/Ageing.csv,{}
forklift,forklift_RPT,data/Forklift/Cell3/Round23/RPT.csv,{}
forklift,forklift_Ageing,data/Forklift/Cell3/Round23/Ageing.csv,{}
forklift,forklift_RPT,data/Forklift/Cell3/Round15/RPT.csv,{}
forklift,forklift_Ageing,data/Forklift/Cell3/Round15/Ageing.csv,{}
forklift,forklift_RPT,data/Forklift/Cell3/Round12/RPT.csv,{}
forklift,forklift_Ageing,data/Forklift/Cell3/Round12/Ageing.csv,{}
forklift,forklift_RPT,data/Forklift/Cell3/Round46/RPT.csv,{}
forklift,forklift_Ageing,data/Forklift/Cell3/Round46/Ageing.csv,{}
forklift,forklift_RPT,data/Forklift/Cell3/Round41/RPT.csv,{}
forklift,forklift_Ageing,data/Forklift/Cell3/Round41/Ageing.csv,{}
forklift,forklift_RPT,data/Forklift/Cell3/Round48/RPT.csv,{}
forklift,forklift_RPT,data/Forklift/Cell3/Round13/RPT.csv,{}
forklift,forklift_Ageing,data/Forklift/Cell3/Round13/Ageing.csv,{}
forklift,forklift_RPT,data/Forklift/Cell3/Round14/RPT.csv,{}
forklift,forklift_Ageing,data/Forklift/Cell3/Round14/Ageing.csv,{}
forklift,forklift_RPT,data/Forklift/Cell3/Round22/RPT.csv,{}
forklift,forklift_Ageing,data/Forklift/Cell3/Round22/Ageing.csv,{}
forklift,forklift_Ageing,data/Forklift/Cell3/Round25/Ageing.csv,{}
forklift,forklift_RPT,data/Forklift/Cell3/Round49/RPT.csv,{}
forklift,forklift_Ageing,data/Forklift/Cell3/Round49/Ageing.csv,{}
forklift,forklift_RPT,data/Forklift/Cell3/Round40/RPT.csv,{}
forklift,forklift_Ageing,data/Forklift/Cell3/Round40/Ageing.csv,{}
forklift,forklift_RPT,data/Forklift/Cell3/Round47/RPT.csv,{}
forklift,forklift_Ageing,data/Forklift/Cell3/Round47/Ageing.csv,{}
forklift,forklift_RPT,data/Forklift/Cell3/Round53/RPT.csv,{}
forklift,forklift_Ageing,data/Forklift/Cell3/Round53/Ageing.csv,{}
forklift,forklift_RPT,data/Forklift/Cell3/Round07/RPT.csv,{}
forklift,forklift_Ageing,data/Forklift/Cell3/Round07/Ageing.csv,{}
forklift,forklift_RPT,data/Forklift/Cell3/Round38/RPT.csv,{}
forklift,forklift_Ageing,data/Forklift/Cell3/Round38/Ageing.csv,{}
forklift,forklift_RPT,data/Forklift/Cell3/Round00/RPT.csv,{}
forklift,forklift_RPT,data/Forklift/Cell3/Round36/RPT.csv,{}
forklift,forklift_Ageing,data/Forklift/Cell3/Round36/Ageing.csv,{}
forklift,forklift_RPT,data/Forklift/Cell3/Round09/RPT.csv,{}
forklift,forklift_Ageing,data/Forklift/Cell3/Round09/Ageing.csv,{}
forklift,forklift_RPT,data/Forklift/Cell3/Round31/RPT.csv,{}
forklift,forklift_Ageing,data/Forklift/Cell3/Round31/Ageing.csv,{}
forklift,forklift_RPT,data/Forklift/Cell3/Round52/RPT.csv,{}
forklift,forklift_Ageing,data/Forklift/Cell3/Round52/Ageing.csv,{}
forklift,forklift_RPT,data/Forklift/Cell3/Round30/RPT.csv,{}
forklift,forklift_RPT,data/Forklift/Cell3/Round37/RPT.csv,{}
forklift,forklift_Ageing,data/Forklift/Cell3/Round37/Ageing.csv,{}
forklift,forklift_RPT,data/Forklift/Cell3/Round08/RPT.csv,{}
forklift,forklift_Ageing,data/Forklift/Cell3/Round08/Ageing.csv,{}
forklift,forklift_RPT,data/Forklift/Cell3/Round01/RPT.csv,{}
forklift,forklift_Ageing,data/Forklift/Cell3/Round01/Ageing.csv,{}
forklift,forklift_RPT,data/Forklift/Cell3/Round06/RPT.csv,{}
forklift,forklift_Ageing,data/Forklift/Cell3/Round06/Ageing.csv,{}
forklift,forklift_RPT,data/Forklift/Cell3/Round39/RPT.csv,{}
forklift,forklift_Ageing,data/Forklift/Cell3/Round39/Ageing.csv,{}
forklift,forklift_RPT,data/Forklift/Cell2/Round42/RPT.csv,{}
forklift,forklift_Ageing,data/Forklift/Cell2/Round42/Ageing.csv,{}
forklift,forklift_RPT,data/Forklift/Cell2/Round45/RPT.csv,{}
forklift,forklift_Ageing,data/Forklift/Cell2/Round45/Ageing.csv,{}
forklift,forklift_RPT,data/Forklift/Cell2/Round20/RPT.csv,{}
forklift,forklift_Ageing,data/Forklift/Cell2/Round20/Ageing.csv,{}
forklift,forklift_RPT,data/Forklift/Cell2/Round18/RPT.csv,{}
forklift,forklift_Ageing,data/Forklift/Cell2/Round18/Ageing.csv,{}
forklift,forklift_RPT,data/Forklift/Cell2/Round27/RPT.csv,{}
forklift,forklift_Ageing,data/Forklift/Cell2/Round27/Ageing.csv,{}
forklift,forklift_RPT,data/Forklift/Cell2/Round11/RPT.csv,{}
forklift,forklift_Ageing,data/Forklift/Cell2/Round11/Ageing.csv,{}
forklift,forklift_RPT,data/Forklift/Cell2/Round16/RPT.csv,{}
forklift,forklift_Ageing,data/Forklift/Cell2/Round16/Ageing.csv,{}
forklift,forklift_RPT,data/Forklift/Cell2/Round44/RPT.csv,{}
forklift,forklift_Ageing,data/Forklift/Cell2/Round44/Ageing.csv,{}
forklift,forklift_RPT,data/Forklift/Cell2/Round43/RPT.csv,{}
forklift,forklift_Ageing,data/Forklift/Cell2/Round43/Ageing.csv,{}
forklift,forklift_RPT,data/Forklift/Cell2/Round28/RPT.csv,{}
forklift,forklift_Ageing,data/Forklift/Cell2/Round28/Ageing.csv,{}
forklift,forklift_RPT,data/Forklift/Cell2/Round17/RPT.csv,{}
forklift,forklift_Ageing,data/Forklift/Cell2/Round17/Ageing.csv,{}
forklift,forklift_RPT,data/Forklift/Cell2/Round10/RPT.csv,{}
forklift,forklift_Ageing,data/Forklift/Cell2/Round10/Ageing.csv,{}
forklift,forklift_RPT,data/Forklift/Cell2/Round19/RPT.csv,{}
forklift,forklift_Ageing,data/Forklift/Cell2/Round19/Ageing.csv,{}
forklift,forklift_RPT,data/Forklift/Cell2/Round26/RPT.csv,{}
forklift,forklift_Ageing,data/Forklift/Cell2/Round26/Ageing.csv,{}
forklift,forklift_RPT,data/Forklift/Cell2/Round21/RPT.csv,{}
forklift,forklift_Ageing,data/Forklift/Cell2/Round21/Ageing.csv,{}
forklift,forklift_RPT,data/Forklift/Cell2/Round03/RPT.csv,{}
forklift,forklift_Ageing,data/Forklift/Cell2/Round03/Ageing.csv,{}
forklift,forklift_RPT,data/Forklift/Cell2/Round04/RPT.csv,{}
forklift,forklift_Ageing,data/Forklift/Cell2/Round04/Ageing.csv,{}
forklift,forklift_RPT,data/Forklift/Cell2/Round32/RPT.csv,{}
forklift,forklift_Ageing,data/Forklift/Cell2/Round32/Ageing.csv,{}
forklift,forklift_RPT,data/Forklift/Cell2/Round35/RPT.csv,{}
forklift,forklift_Ageing,data/Forklift/Cell2/Round35/Ageing.csv,{}
forklift,forklift_RPT,data/Forklift/Cell2/Round50/RPT.csv,{}
forklift,forklift_Ageing,data/Forklift/Cell2/Round50/Ageing.csv,{}
forklift,forklift_RPT,data/Forklift/Cell2/Round57/RPT.csv,{}
forklift,forklift_Ageing,data/Forklift/Cell2/Round57/Ageing.csv,{}
forklift,forklift_RPT,data/Forklift/Cell2/Round34/RPT.csv,{}
forklift,forklift_Ageing,data/Forklift/Cell2/Round34/Ageing.csv,{}
forklift,forklift_RPT,data/Forklift/Cell2/Round33/RPT.csv,{}
forklift,forklift_Ageing,data/Forklift/Cell2/Round33/Ageing.csv,{}
forklift,forklift_RPT,data/Forklift/Cell2/Round05/RPT.csv,{}
forklift,forklift_Ageing,data/Forklift/Cell2/Round05/Ageing.csv,{}
forklift,forklift_RPT,data/Forklift/Cell2/Round02/RPT.csv,{}
forklift,forklift_Ageing,data/Forklift/Cell2/Round02/Ageing.csv,{}
forklift,forklift_RPT,data/Forklift/Cell2/Round56/RPT.csv,{}
forklift,forklift_Ageing,data/Forklift/Cell2/Round51/Ageing.csv,{}
forklift,forklift_RPT,data/Forklift/Cell2/Round58/RPT.csv,{}
forklift,forklift_Ageing,data/Forklift/Cell2/Round58/Ageing.csv,{}
forklift,forklift_RPT,data/Forklift/Cell2/Round24/RPT.csv,{}
forklift,forklift_Ageing,data/Forklift/Cell2/Round24/Ageing.csv,{}
forklift,forklift_RPT,data/Forklift/Cell2/Round23/RPT.csv,{}
forklift,forklift_Ageing,data/Forklift/Cell2/Round23/Ageing.csv,{}
forklift,forklift_RPT,data/Forklift/Cell2/Round15/RPT.csv,{}
forklift,forklift_Ageing,data/Forklift/Cell2/Round15/Ageing.csv,{}
forklift,forklift_RPT,data/Forklift/Cell2/Round12/RPT.csv,{}
forklift,forklift_Ageing,data/Forklift/Cell2/Round12/Ageing.csv,{}
forklift,forklift_RPT,data/Forklift/Cell2/Round46/RPT.csv,{}
forklift,forklift_Ageing,data/Forklift/Cell2/Round46/Ageing.csv,{}
forklift,forklift_RPT,data/Forklift/Cell2/Round41/RPT.csv,{}
forklift,forklift_Ageing,data/Forklift/Cell2/Round41/Ageing.csv,{}
forklift,forklift_RPT,data/Forklift/Cell2/Round48/RPT.csv,{}
forklift,forklift_Ageing,data/Forklift/Cell2/Round48/Ageing.csv,{}
forklift,forklift_RPT,data/Forklift/Cell2/Round13/RPT.csv,{}
forklift,forklift_Ageing,data/Forklift/Cell2/Round13/Ageing.csv,{}
forklift,forklift_RPT,data/Forklift/Cell2/Round14/RPT.csv,{}
forklift,forklift_Ageing,data/Forklift/Cell2/Round14/Ageing.csv,{}
forklift,forklift_RPT,data/Forklift/Cell2/Round22/RPT.csv,{}
forklift,forklift_Ageing,data/Forklift/Cell2/Round22/Ageing.csv,{}
forklift,forklift_RPT,data/Forklift/Cell2/Round25/RPT.csv,{}
forklift,forklift_Ageing,data/Forklift/Cell2/Round25/Ageing.csv,{}
forklift,forklift_RPT,data/Forklift/Cell2/Round49/RPT.csv,{}
forklift,forklift_Ageing,data/Forklift/Cell2/Round49/Ageing.csv,{}
forklift,forklift_RPT,data/Forklift/Cell2/Round40/RPT.csv,{}
forklift,forklift_Ageing,data/Forklift/Cell2/Round40/Ageing.csv,{}
forklift,forklift_RPT,data/Forklift/Cell2/Round47/RPT.csv,{}
forklift,forklift_Ageing,data/Forklift/Cell2/Round47/Ageing.csv,{}
forklift,forklift_RPT,data/Forklift/Cell2/Round54/RPT.csv,{}
forklift,forklift_Ageing,data/Forklift/Cell2/Round54/Ageing.csv,{}
forklift,forklift_RPT,data/Forklift/Cell2/Round53/RPT.csv,{}
forklift,forklift_Ageing,data/Forklift/Cell2/Round53/Ageing.csv,{}
forklift,forklift_RPT,data/Forklift/Cell2/Round07/RPT.csv,{}
forklift,forklift_Ageing,data/Forklift/Cell2/Round07/Ageing.csv,{}
forklift,forklift_RPT,data/Forklift/Cell2/Round38/RPT.csv,{}
forklift,forklift_Ageing,data/Forklift/Cell2/Round38/Ageing.csv,{}
forklift,forklift_RPT,data/Forklift/Cell2/Round00/RPT.csv,{}
forklift,forklift_RPT,data/Forklift/Cell2/Round36/RPT.csv,{}
forklift,forklift_Ageing,data/Forklift/Cell2/Round36/Ageing.csv,{}
forklift,forklift_RPT,data/Forklift/Cell2/Round09/RPT.csv,{}
forklift,forklift_Ageing,data/Forklift/Cell2/Round09/Ageing.csv,{}
forklift,forklift_RPT,data/Forklift/Cell2/Round31/RPT.csv,{}
forklift,forklift_Ageing,data/Forklift/Cell2/Round31/Ageing.csv,{}
forklift,forklift_RPT,data/Forklift/Cell2/Round52/RPT.csv,{}
forklift,forklift_Ageing,data/Forklift/Cell2/Round52/Ageing.csv,{}
forklift,forklift_RPT,data/Forklift/Cell2/Round55/RPT.csv,{}
forklift,forklift_Ageing,data/Forklift/Cell2/Round55/Ageing.csv,{}
forklift,forklift_RPT,data/Forklift/Cell2/Round30/RPT.csv,{}
forklift,forklift_Ageing,data/Forklift/Cell2/Round30/Ageing.csv,{}
forklift,forklift_Ageing,data/Forklift/Cell2/Round37/Ageing.csv,{}
forklift,forklift_RPT,data/Forklift/Cell2/Round08/RPT.csv,{}
forklift,forklift_Ageing,data/Forklift/Cell2/Round08/Ageing.csv,{}
forklift,forklift_RPT,data/Forklift/Cell2/Round01/RPT.csv,{}
forklift,forklift_Ageing,data/Forklift/Cell2/Round01/Ageing.csv,{}
forklift,forklift_RPT,data/Forklift/Cell2/Round06/RPT.csv,{}
forklift,forklift_Ageing,data/Forklift/Cell2/Round06/Ageing.csv,{}
forklift,forklift_RPT,data/Forklift/Cell2/Round39/RPT.csv,{}
forklift,forklift_Ageing,data/Forklift/Cell2/Round39/Ageing.csv,{}
multistage,multistage_VAH25,data/Multi-Stage/VAH25.csv,{}
multistage,multistage_VAH24,data/Multi-Stage/VAH24.csv,{}
multistage,multistage_VAH30,data/Multi-Stage/VAH30.csv,{}
multistage,multistage_VAH26,data/Multi-Stage/VAH26.csv,{}
multistage,multistage_VAH27,data/Multi-Stage/VAH27.csv,{}
multistage,multistage_VAH23,data/Multi-Stage/VAH23.csv,{}
multistage,multistage_VAH22,data/Multi-Stage/VAH22.csv,{}
multistage,multistage_VAH20,data/Multi-Stage/VAH20.csv,{}
multistage,multistage_VAH09,data/Multi-Stage/VAH09.csv,{}
multistage,multistage_VAH10,data/Multi-Stage/VAH10.csv,{}
multistage,multistage_VAH05,data/Multi-Stage/VAH05.csv,{}
multistage,multistage_VAH11,data/Multi-Stage/VAH11.csv,{}
multistage,multistage_VAH07,data/Multi-Stage/VAH07.csv,{}
multistage,multistage_VAH13,data/Multi-Stage/VAH13.csv,{}
multistage,multistage_VAH12,data/Multi-Stage/VAH12.csv,{}
multistage,multistage_VAH06,data/Multi-Stage/VAH06.csv,{}
multistage,multistage_VAH02,data/Multi-Stage/VAH02.csv,{}
multistage,multistage_VAH16,data/Multi-Stage/VAH16.csv,{}
multistage,multistage_VAH17,data/Multi-Stage/VAH17.csv,{}
multistage,multistage_VAH15,data/Multi-Stage/VAH15.csv,{}
multistage,multistage_VAH01,data/Multi-Stage/VAH01.csv,{}
multistage,multistage_VAH28,data/Multi-Stage/VAH28.csv,{}
nasa,nasa_battery00,data/NASA/regular_alt_batteries/battery00.csv,{}
nasa,nasa_battery01,data/NASA/regular_alt_batteries/battery01.csv,{}
nasa,nasa_battery11,data/NASA/regular_alt_batteries/battery11.csv,{}
nasa,nasa_battery10,data/NASA/regular_alt_batteries/battery10.csv,{}
nasa,nasa_battery21,data/NASA/regular_alt_batteries/battery21.csv,{}
nasa,nasa_battery20,data/NASA/regular_alt_batteries/battery20.csv,{}
nasa,nasa_battery22,data/NASA/regular_alt_batteries/battery22.csv,{}
nasa,nasa_battery23,data/NASA/regular_alt_batteries/battery23.csv,{}
nasa,nasa_battery30,data/NASA/regular_alt_batteries/battery30.csv,{}
nasa,nasa_battery31,data/NASA/regular_alt_batteries/battery31.csv,{}
nasa,nasa_battery41,data/NASA/regular_alt_batteries/battery41.csv,{}
nasa,nasa_battery40,data/NASA/regular_alt_batteries/battery40.csv,{}
nasa,nasa_battery50,data/NASA/regular_alt_batteries/battery50.csv,{}
nasa,nasa_battery51,data/NASA/regular_alt_batteries/battery51.csv,{}
nasa,nasa_battery52,data/NASA/regular_alt_batteries/battery52.csv,{}
nasa,nasa_battery03,data/NASA/recommissioned_batteries/battery03.csv,{}
nasa,nasa_battery02,data/NASA/recommissioned_batteries/battery02.csv,{}
nasa,nasa_battery12,data/NASA/recommissioned_batteries/battery12.csv,{}
nasa,nasa_battery33,data/NASA/recommissioned_batteries/battery33.csv,{}
nasa,nasa_battery32,data/NASA/recommissioned_batteries/battery32.csv,{}
nasa,nasa_battery24,data/NASA/recommissioned_batteries/battery24.csv,{}
nasa,nasa_battery25,data/NASA/recommissioned_batteries/battery25.csv,{}
nasa,nasa_battery53,data/NASA/recommissioned_batteries/battery53.csv,{}
nasa,nasa_battery13,data/NASA/second_life_batteries/battery13.csv,{}
nasa,nasa_battery36,data/NASA/second_life_batteries/battery36.csv,{}
nasa,nasa_battery54,data/NASA/second_life_batteries/battery54.csv,{}
oxford,oxford_Oxford_Battery_Degradation_Dataset_1,data/Oxford/Oxford_Battery_Degradation_Dataset_1.mat,{}
oxford,oxford_ExampleDC_C1,data/Oxford/ExampleDC_C1.mat,{}
